"g_code";"g_name";"g_price"
"G00001";"생강진액";10000
"G00002";"생분해성봉투";150
"G00003";"서리태";10000
"G00004";"서목태";10000
"G00005";"선물세트(곡류5종)";17000
"G00006";"선물세트(귀리)";19000
"G00007";"설기샌드";1100
"G00008";"섬초";800
"G00009";"소국";4000
"G00010";"소창면포";2500
"G00011";"소창육수주머니";5000
"G00012";"소포1(방담)(무)";3000
"G00013";"소포1(방담)(타)";3000
"G00014";"소포2";2000
"G00015";"소포3";3000
"G00016";"소포4(방담)";4500
"G00017";"소포5(방담)";6000
"G00018";"소포6";4500
"G00019";"소포7(방담)";4600
"G00020";"소포8";5000
"G00021";"소포9";5000
"G00022";"소합1";3800
"G00023";"소합2";10400
"G00024";"쇠머리찰떡";1100
"G00025";"쇠비름진액";10000
"G00026";"수세미도라지생강진액";13000
"G00027";"수세미진액";15000
"G00028";"수수";10000
"G00029";"수정과";4600
"G00030";"수제떡갈비";2900
"G00031";"수제편강";5500
"G00032";"순두부";2000
"G00033";"순두부찌개";5000
"G00034";"스타티스";4000
"G00035";"스토크";3000
"G00036";"스투키";4000
"G00037";"시금치";500
"G00038";"시금치(노지)";1500
"G00039";"시금치(섬초)";1600
"G00040";"시금치분말";8900
"G00041";"식빵(쌀)";2250
"G00042";"식혜";5000
"G00043";"실파";1000
"G00044";"쌀강정";20000
"G00045";"쌀라면";1550
"G00046";"쌀로빚은채식라면";1750
"G00047";"쌀크림빵";750
"G00048";"쌀튀밥";3000
"G00049";"쌈무";2000
"G00050";"쌈배추";1500
"G00051";"쌈배추(항암)";1500
"G00052";"쌈장";4000
"G00053";"쌈채소";1300
"G00054";"쌈채소(7종)";2500
"G00055";"쑥갓";1000
"G00056";"쑥개떡";2800
"G00057";"쑥떡";3500
"G00058";"쑥미숫가루";13000
"G00059";"쑥인절미";1400
"G00060";"쑥절편";1400
"G00061";"아로니아";6000
"G00062";"아로니아분말";15000
"G00063";"아로니아수";1800
"G00064";"아로니아환";25000
"G00065";"아마란스";15000
"G00066";"아삭이고추";1200
"G00067";"아스파라거스수";1500
"G00068";"칡(갈근)";8000
"G00069";"케일";600
"G00070";"케일(즙)";1500
"G00071";"콜라비";1000
"G00072";"콩깨떡";1800
"G00073";"콩멥시루떡";500
"G00074";"콩시루떡";11000
"G00075";"콩인절미";500
"G00076";"콩자반";3800
"G00077";"테이프";300
"G00078";"토란";3000
"G00079";"토란대";4000
"G00080";"토마토";6000
"G00081";"토마토쥬스";1900
"G00082";"통밀가루";3500
"G00083";"통밀건빵";2000
"G00084";"통밀국수";2700
"G00085";"통밀쌀";3300
"G00086";"튤립";5000
"G00087";"파김치";8000
"G00088";"파채";1000
"G00089";"파프리카";2400
"G00090";"팥";10000
"G00091";"팥(적)";10000
"G00092";"팥시루떡";3400
"G00093";"팥찰시루떡";1100
"G00094";"팽이버섯";900
"G00095";"편강";20800
"G00096";"편강(대)";24000
"G00097";"편강(선물세트)";14000
"G00098";"편강(소)";5400
"G00099";"편강(중)";15000
"G00100";"편강.진액세트";28000
"G00101";"편백공예품";20000
"G00102";"편백나무도마";20000
"G00103";"편백나무목침";15000
"G00104";"편백나무베개볼";10000
"G00105";"편백나무보조목침";13500
"G00106";"편백나무볼베개";25000
"G00107";"편백운동기구";18000
"G00108";"포기김치";7800
"G00109";"포장랩";15000
"G00110";"표고가루";7000
"G00111";"표고간장";8000
"G00112";"표고된장";13000
"G00113";"표고버섯(배지)";1500
"G00114";"표고버섯(배지-슬)";1500
"G00115";"표고버섯(원목)";8000
"G00116";"풋마늘";700
"G00117";"프리저브드꽃다발";12000
"G00118";"프리저브드플라워";5000
"G00119";"프리지아";4000
"G00120";"피망";2400
"G00121";"한라봉";10000
"G00122";"항암쌈채";600
"G00123";"해물라면";1600
"G00124";"허브";2000
"G00125";"허브차(라벤더)";5500
"G00126";"허브차(레몬밤)";9500
"G00127";"허브차(로즈마리)";12000
"G00128";"허브차(박하)";9500
"G00129";"허브차(스테비아)";5500
"G00130";"허브차(캐모마일)";12000
"G00131";"허브차(페퍼민트)";9500
"G00132";"헛개나무";3000
"G00133";"헛개나무(열매)";4500
"G00134";"헛개열매즙";10000
"G00135";"현미";5000
"G00136";"현미가래떡";7000
"G00137";"현미강정";6500
"G00138";"현미과자";2000
"G00139";"현미깡";2250
"G00140";"현미누룽지차";20000
"G00141";"현미두부과자";4000
"G00142";"현미미숫가루";13000
"G00143";"현미바";10000
"G00144";"현미시리얼";9900
"G00145";"현미채식면";1500
"G00146";"호두";9000
"G00147";"호박고지";2500
"G00148";"혼합5곡";15000
"G00149";"홍고추";2000
"G00150";"홍고추(청양)";2000
"G00151";"홍화씨";8000
"G00152";"화훼";4000
"G00153";"흑미설기";800
"G00154";"흑보리";6000
"G00155";"흑임자";14000
"G00156";"흑임자죽가루";15000
"G00157";"흰두부";3500
"G00158";"흰민들레즙";6400
"G00159";"히야신스";2000
"G00160";"가래떡";400
"G00161";"가시오가피";3700
"G00162";"가지";2300
"G00163";"간장";12000
"G00164";"간장(국)";6000
"G00165";"감말랭이";6000
"G00166";"감식초(복분자)";9200
"G00167";"감식초(오미자)";9200
"G00168";"감자";1000
"G00169";"감자(수미)";1000
"G00170";"감자(인디언)";9500
"G00171";"갓";1200
"G00172";"강황분말";14000
"G00173";"건가지";2000
"G00174";"건고구마줄기";4000
"G00175";"건고사리";9000
"G00176";"건고추";11000
"G00177";"건고추(청양)";4500
"G00178";"건곤드레";3000
"G00179";"건곰보배추";10000
"G00180";"건구기자";8000
"G00181";"건금화규꽃";8000
"G00182";"건대추";8000
"G00183";"건도라지";5000
"G00184";"건돼지감자";5000
"G00185";"건모과";5000
"G00186";"건부지갱이";4000
"G00187";"건사과";5000
"G00188";"건여주";6000
"G00189";"건오미자";8000
"G00190";"건완두콩";5500
"G00191";"건우엉";5000
"G00192";"건인삼";19000
"G00193";"건죽순";7000
"G00194";"건취나물";4000
"G00195";"건칡";6000
"G00196";"건토란대";3000
"G00197";"건표고버섯";5000
"G00198";"건표고버섯(배지)";11000
"G00199";"건표고버섯(원목-슬)";6000
"G00200";"검은콩자반김";1600
"G00201";"검정콩미숫가루";12000
"G00202";"겨우살이차";14000
"G00203";"겨자채(적)";1000
"G00204";"겨자채(청)";1200
"G00205";"결명자";10000
"G00206";"결명자차";8000
"G00207";"고구마(꿀)";2000
"G00208";"고구마(달달구리)";2500
"G00209";"고구마(호박)";3000
"G00210";"고구마줄기";3000
"G00211";"고들빼기김치";8900
"G00212";"고로쇠수액";5000
"G00213";"고비";5000
"G00214";"고사리";4500
"G00215";"고수";2000
"G00216";"고추장";20000
"G00217";"고추장아찌";3500
"G00218";"고춧가루(매운맛)";13000
"G00219";"고춧가루(보통맛)";17000
"G00220";"곰돌이";1350
"G00221";"곰보배추분말";15000
"G00222";"곰취장아찌";6600
"G00223";"곶감";5000
"G00224";"과일무차";8000
"G00225";"과즐";10000
"G00226";"귀리";6000
"G00227";"귀리곡물선식";12000
"G00228";"귀리볶음가루";9000
"G00229";"근대";1000
"G00230";"김부각";2700
"G00231";"김부각(양파)";2500
"G00232";"아스파라거스즙";4500
"G00233";"아욱";1000
"G00234";"애호박";800
"G00235";"약식";1000
"G00236";"약식(단호박)";1000
"G00237";"양배추";500
"G00238";"양배추(적)";1300
"G00239";"양배추즙";3500
"G00240";"양상추";1500
"G00241";"양파";1000
"G00242";"양파드레싱";4600
"G00243";"양파즙";2500
"G00244";"얼음동동식혜";5000
"G00245";"엄나무";3000
"G00246";"엉겅퀴즙";4800
"G00247";"여주분말";13000
"G00248";"여주즙";46000
"G00249";"여주환";34000
"G00250";"연근";8000
"G00251";"엿기름";7800
"G00252";"오가피";3500
"G00253";"오디";4000
"G00254";"오디진액";16000
"G00255";"오리주물럭";12000
"G00256";"오리훈제(슬)";7300
"G00257";"오미자당절임";34000
"G00258";"오미자진액";27000
"G00259";"오색떡국";8000
"G00260";"오이(취청)";1600
"G00261";"오이고추";1200
"G00262";"옥보차";7000
"G00263";"옥수수(팝콘)";3500
"G00264";"옥수수수염";4000
"G00265";"옥수수차";6000
"G00266";"옻나무";3000
"G00267";"와송진액";23000
"G00268";"왁스플라워";8000
"G00269";"완두콩";4500
"G00270";"요거트";4000
"G00271";"우리밀감자라면";1550
"G00272";"우리밀김센베";6000
"G00273";"우리밀김치라면";1500
"G00274";"우리밀꽈배기과자";3500
"G00275";"우리밀땅콩센베";6000
"G00276";"우리밀찐빵";4800
"G00277";"우리밀콩두부과자";5600
"G00278";"우리밀크래커";2000
"G00279";"우리찹쌀팥도넛";4400
"G00280";"우리콩순두부";2000
"G00281";"우슬뿌리";5000
"G00282";"우엉";3500
"G00283";"우엉(채)";5000
"G00284";"우엉차";9500
"G00285";"우유";3300
"G00286";"워터코인";4000
"G00287";"유과";5000
"G00288";"유자마들렌";2000
"G00289";"유자크럼블";2000
"G00290";"유정란(대란)";7000
"G00291";"유정란(왕란)";7500
"G00292";"유정란(초란)";5000
"G00293";"유정란(특란)";7500
"G00294";"유칼립투스";7000
"G00295";"율무";15000
"G00296";"율무깡";3000
"G00297";"은행";5000
"G00298";"인삼";12000
"G00299";"인절미";2800
"G00300";"일반계육(육계) 통";6000
"G00301";"일반계육(절단)";6000
"G00302";"일반닭(국내산)";9500
"G00303";"잎새절편";2300
"G00304";"자반김";2000
"G00305";"자색양파즙";30000
"G00306";"자장라면";1900
"G00307";"작두콩(껍질)";10000
"G00308";"작두콩차";10000
"G00309";"적돼지감자차";9500
"G00310";"전자저울";28000
"G00311";"절편";5500
"G00312";"조랭이떡";6000
"G00313";"조미김";1200
"G00314";"조미김(도시락)";2000
"G00315";"조미김세트";12000
"G00316";"조선간장";9500
"G00317";"종량제 완주 10L";180
"G00318";"종량제 완주 20L";350
"G00319";"짬뽕라면";7000
"G00320";"쪽파";3000
"G00321";"쪽파(뿌리)";2000
"G00322";"찰보리쌀";4000
"G00323";"찰옥수수";8000
"G00324";"찰현미";17000
"G00325";"찰흑미";6000
"G00326";"참기름";21000
"G00327";"참깨";18000
"G00328";"참깨꼬소봉";2800
"G00329";"참깨드레싱";5600
"G00330";"참나물";1800
"G00331";"참송이버섯";6500
"G00332";"찹쌀";6000
"G00333";"찹쌀가루";5500
"G00334";"찹쌀가루(현미)";5500
"G00335";"채식자장";6500
"G00336";"천연비누(어성초)";3000
"G00337";"천혜향";30000
"G00338";"청경채";1000
"G00339";"청국장";10000
"G00340";"청국장찌개";5000
"G00341";"청양고추";1800
"G00342";"취나물";5000
"G00343";"치커리";700
"G00344";"치커리(적)";1000
"G00345";"감(대봉)";800
"G00346";"감(홍시)";1500
"G00347";"강낭콩";8000
"G00348";"개복숭아진액";12000
"G00349";"건고춧잎";4000
"G00350";"건노루궁뎅이버섯";20000
"G00351";"건대추(채)";5000
"G00352";"건딸기";3000
"G00353";"건참송이버섯";15000
"G00354";"건표고버섯(백화)";60000
"G00355";"건표고버섯(원목)";7000
"G00356";"건표고버섯(흑화)";48000
"G00357";"곰보배추즙";4200
"G00358";"곱슬버들";5000
"G00359";"곶감(숙성)";7000
"G00360";"곶감(월하시)";33000
"G00361";"기름세트";35000
"G00362";"김부각(선물세트)";20000
"G00363";"깐늙은호박";2500
"G00364";"깐다슬기(냉동)";15000
"G00365";"깐단호박";3800
"G00366";"깐더덕";7000
"G00367";"깐도라지";3500
"G00368";"깐땅콩";10000
"G00369";"깐마늘";1000
"G00370";"깐밤";6500
"G00371";"깐생강";3000
"G00372";"깐양파";800
"G00373";"깐은행";2000
"G00374";"깐쪽파";1800
"G00375";"깐토란";3000
"G00376";"깐호두";6000
"G00377";"깻잎";500
"G00378";"깻잎장아찌";4000
"G00379";"꽃피는산골조선간장";9800
"G00380";"꽃피는산골찹쌀고추장";16500
"G00381";"꽈리고추";1000
"G00382";"꿀(때죽)";10000
"G00383";"꿀(밤)";50000
"G00384";"꿀(아카시아)";20000
"G00385";"꿀(잡화)";18000
"G00386";"꿀떡";1000
"G00387";"꿀세트";35000
"G00388";"나무공예품";23000
"G00389";"냉이";1000
"G00390";"냉이(노지)";1000
"G00391";"노루궁뎅이녹각영지버섯즙";9800
"G00392";"녹각영지버섯";15000
"G00393";"녹두";12000
"G00394";"논우렁";3300
"G00395";"논우렁(냉동)";3500
"G00396";"농부식빵";1650
"G00397";"느타리버섯";3000
"G00398";"늘보리쌀";5000
"G00399";"늙은호박";3000
"G00400";"늙은호박팥차";11000
"G00401";"다육";2000
"G00402";"다육(염좌)";5000
"G00403";"다진마늘";3500
"G00404";"다진생강";7000
"G00405";"단무지";3000
"G00406";"단호박";3000
"G00407";"단호박가래떡";1750
"G00408";"단호박거피팥떡";1000
"G00409";"단호박샤브레";1800
"G00410";"단호박식혜";5000
"G00411";"단호박영양찰떡";17000
"G00412";"단호박영양찰밥";900
"G00413";"단호박콩깨시루떡";2000
"G00414";"단호박팥멥시루떡";1000
"G00415";"단호박호두설기떡";1800
"G00416";"달래";1500
"G00417";"닭가슴살";6000
"G00418";"당근";1000
"G00419";"당조고추";800
"G00420";"대추";3500
"G00421";"대추도라지즙";5500
"G00422";"대추생강즙";5500
"G00423";"대추인삼즙";5500
"G00424";"대추토마토";5000
"G00425";"대파";1000
"G00426";"대파(노지)";2000
"G00427";"더덕";25000
"G00428";"데친고구마줄기";3000
"G00429";"데친고사리";3000
"G00430";"데친시래기";1500
"G00431";"데친우거지";1500
"G00432";"델피니움";6000
"G00433";"도라지";3500
"G00434";"도라지분말";16500
"G00435";"도라지조청";16000
"G00436";"도라지진액";25000
"G00437";"동부콩";10000
"G00438";"동치미";12000
"G00439";"된장";15000
"G00440";"된장(찹쌀)";15000
"G00441";"두부";2000
"G00442";"두부스낵";3500
"G00443";"들기름";13000
"G00444";"들깨";14000
"G00445";"들깨가루";15000
"G00446";"들깨강정";8500
"G00447";"들깨드레싱";4900
"G00448";"딸기";8000
"G00449";"딸기꿀떡";1500
"G00450";"딸기잼";3000
"G00451";"땅";16000
"G00452";"땅콩";17000
"G00453";"떡국떡";3000
"G00454";"떡볶이떡";6000
"G00455";"떡쌀뻥튀기";3000
"G00456";"라면과자";1450
"G00457";"레드향";30000
"G00458";"리본악세사리";2000
"G00459";"마늘";2000
"G00460";"마늘장아찌";3000
"G00461";"마늘종장아찌";3000
"G00462";"매생이두부";3500
"G00463";"매실오갈피진액";20000
"G00464";"매실장아찌";6000
"G00465";"매실진액";17000
"G00466";"매콤우리밀두부꽈배기";4000
"G00467";"메주";22000
"G00468";"메주가루";28000
"G00469";"메추리알";1250
"G00470";"멜라초";1500
"G00471";"명이나물장아찌";7600
"G00472";"목이버섯";3000
"G00473";"무";500
"G00474";"무말랭이";2500
"G00475";"무시래기";3000
"G00476";"무우비트차";6500
"G00477";"무우장아찌";3500
"G00478";"무우차";8000
"G00479";"무지개떡";1000
"G00480";"미나리즙";4000
"G00481";"미소맛쌀선물세트";22000
"G00482";"바람떡";1500
"G00483";"바지락된장찌개";5000
"G00484";"반건시";10000
"G00485";"발아현미";4200
"G00486";"밤";4500
"G00487";"방울양배추";2000
"G00488";"방울증편";1800
"G00489";"방울증편(흑미)";3800
"G00490";"방울토마토";6000
"G00491";"방풍나물장아찌";6600
"G00492";"배";2700
"G00493";"배즙";3300
"G00494";"배추";1500
"G00495";"배추(봄동)";1000
"G00496";"배추(솎음)";1000
"G00497";"배추(얼갈이)";2500
"G00498";"배추(항암)";1200
"G00499";"배피떡";3200
"G00500";"백미";31000
"G00501";"백밀국수";2700
"G00502";"백태";7000
"G00503";"벌화분";40000
"G00504";"보리싹(순)";3000
"G00505";"보리차";7000
"G00506";"복숭아즙";1900
"G00507";"볶은개척1호콩";20000
"G00508";"볶은깨(참깨)";8000
"G00509";"볶은땅콩";12500
"G00510";"볶은진양.개척콩";14250
"G00511";"볶은진양콩";18000
"G00512";"볶은흑임자";8000
"G00513";"볶음귀리";10000
"G00514";"봉함기";18000
"G00515";"부스개";22000
"G00516";"부추";1300
"G00517";"브로콜리";2500
"G00518";"브로콜리(퍼플)";2000
"G00519";"블랙보리차";6500
"G00520";"블랙푸드선식";21000
"G00521";"블랙푸드현미미숫가루";14000
"G00522";"블루베리";10000
"G00523";"블루베리드레싱";5400
"G00524";"블루베리빵";1750
"G00525";"블루베리삼곡팝";3000
"G00526";"블루베리잼";9800
"G00527";"블루베리잼(선물세트)";25000
"G00528";"블루베리즙";70000
"G00529";"비닐접착기";53000
"G00530";"비트";1500
"G00531";"비트가루";8000
"G00532";"비트차";9800
"G00533";"빵끈";1500
"G00534";"사과";28000
"G00535";"사과(부사)";30000
"G00536";"산세베리아";5000
"G00537";"상지수";1500
"G00538";"상추";600
"G00539";"상추(로메인)";1000
"G00540";"상추(솎음)";1000
"G00541";"상추(청)";500
"G00542";"상품권";10000
"G00543";"새송이버섯";2000
"G00544";"색떡국";10000
"G00545";"샐러드";2500
"G00546";"샐러리";500
"G00547";"생강";4000
"G00548";"생강(토종)";1900
"G00549";"생강가루";13000
"G00550";"생강농축액";10000
"G00551";"생강식혜";3000
"G00552";"돼지감자";2000
"G00553";"떡갈비(매콤한맛)";2900
"G00554";"라일락";6000
"G00555";"마(둥근)";16000
"G00556";"마(열매)";5000
"G00557";"마늘소금";8200
"G00558";"만리향";15000
"G00559";"머위";1000
"G00560";"명이나물";3000
"G00561";"모시왕송편";3000
"G00562";"무(솎음)";3500
"G00563";"무(자색)";800
"G00564";"무스카리";2500
"G00565";"무청";1500
"G00566";"무화과잼";7800
"G00567";"미나리";1500
"G00568";"미숫가루";11000
"G00569";"민들레";1500
"G00570";"밤콩";1800
"G00571";"방풍나물";2000
"G00572";"배추김치";4000
"G00573";"백합";5000
"G00574";"봉함기테이프";300
"G00575";"부지갱이";2000
"G00576";"부추진액";10000
"G00577";"블랙베리진액";10000
"G00578";"블루베리잎차";1800
"G00579";"비수리(야관문)";4000
"G00580";"비트미숫가루";8500
"G00581";"산국꽃차";10000
"G00582";"산딸기";14000
"G00583";"삼채";6000
"G00584";"상추(꽃)";1000
"G00585";"상추(아삭이)";1000
"G00586";"상추(적)";1000
"G00587";"생강마들렌";2000
"G00588";"생콩가루";8200
"G00589";"서리태뻥튀기";4800
"G00590";"수국";8000
"G00591";"수선화";5000
"G00592";"깻잎순";1500
"G00593";"꽃피는산골된장";15000
"G00594";"꾸지뽕";3000
"G00595";"꾸지뽕열매즙";6000
"G00596";"냉동블루베리";6000
"G00597";"노루궁뎅이버섯";5500
"G00598";"단호박분말";13000
"G00599";"달래(노지)";1000
"G00600";"데친고비";3000
"G00601";"데친아주까리";3500
"G00602";"데친취나물";2500
"G00603";"데친토란대";3000
"G00604";"데친호박고지";3000
"G00605";"돌나물";500
"G00606";"돌미나리";800
"G00607";"두릅(땅)";4500
"G00608";"머위즙";5500
"G00609";"복분자진액";17000
"G00610";"브로콜리분말";12000
"G00611";"선비콩";12000
"G00612";"소창행주";2500
"G00613";"솎음무";1000
"G00614";"실파(손질)";2000
"G00615";"쑥";1500
"G00616";"양배추분말";8800
"G00617";"양파진액";9000
"G00618";"연근차";8000
"G00619";"영양부추";2400
"G00620";"영양찰밥";12000
"G00621";"오이(백다다기)";1100
"G00622";"옥수수";6000
"G00623";"와송분말";20000
"G00624";"우리단호박두부과자";4900
"G00625";"우슬즙";7500
"G00626";"울금";1700
"G00627";"울금분말";17500
"G00628";"제라늄";3000
"G00629";"찰밥";10000
"G00630";"찰수수";10000
"G00631";"찹쌀떡";4000
"G00632";"초석잠차";15000
"G00633";"카스테라";2500
"G00634";"칼라";5000
"G00635";"코와니";3000
"G00636";"콜리플라워";500
"G00637";"파프리카(바나나)";3800
"G00638";"팥가루(볶음)";12000
"G00639";"편백나무주걱";5000
"G00640";"풋단호박";1000
"G00641";"풋호박";1500
"G00642";"해피엔젤";15000
"G00643";"허브(라벤다)";2500
"G00644";"허브(애플민트)";2000
"G00645";"현미누룽지";8500
"G00646";"흑마늘대추즙";8000
"G00647";"흑미";6000
"G00648";"가시오갈피진액";20000
"G00649";"감자(자색)";2500
"G00650";"건목이버섯";5000
"G00651";"겨우살이";20000
"G00652";"고구마(밤)";2800
"G00653";"구절초꽃차";5500
"G00654";"김부각(새우)";2900
"G00655";"깍두기";3500
"G00656";"깨소금";7800
"G00657";"꾸지뽕진액";17000
"G00658";"다발무";3500
"G00659";"단호박미숫가루";8500
"G00660";"단호박설기";5000
"G00661";"단호박설기(하트)";400
"G00662";"오이소박이";8900
"G00663";"우리밀리얼버터빵";700
"G00664";"우리밀술찐빵";3500
"G00665";"우리밀쌀식빵";2500
"G00666";"원추리";1000
"G00667";"유월설";4000
"G00668";"작두콩";8000
"G00669";"장미";5000
"G00670";"장미허브";2000
"G00671";"전자저울 20kg";90000
"G00672";"전자저울 3kg";28000
"G00673";"중파";1000
"G00674";"쥬키니호박";1200
"G00675";"찹쌀꽈베기";1650
"G00676";"청국장가루";20000
"G00677";"총각김치";4500
"G00678";"총각무(알타리무)";1000
"G00679";"치즈빵";2000
"G00680";"칡즙";31000
"G00681";"카네이션";3000
"G00682";"카라향";14000
"G00683";"콩강정";7500
"G00684";"토마토당근주스";2200
"G00685";"통밀차";5000
"G00686";"팔찌(구슬)";2200
"G00687";"포도나무(거봉)";5000
"G00688";"표고버섯(원목-슬)";3000
"G00689";"풋고추";1200
"G00690";"한우등심(국내산)";18900
"G00691";"한우사태(국내산)";10360
"G00692";"한우살치살(국내산)";25200
"G00693";"한우양지(국내산)";6760
"G00694";"한우채끝(국내산)";19320
"G00695";"허브(로즈마리)";2000
"G00696";"호박고지(단호박)";5000
"G00697";"식초(감)";35000
"G00698";"쌀앤밀댕기머리쑥이빵";1000
"G00699";"쑥가래떡";2800
"G00700";"아동악세사리(구슬)";6000
"G00701";"아이리스";5000
"G00702";"아이비";2000
"G00703";"양배추(녹즙용)";1200
"G00704";"양파(잎)";3500
"G00705";"연근(슬라이스)";6000
"G00706";"열무";1500
"G00707";"열무(솎음)";1000
"G00708";"열무김치";4000
"G00709";"옥수수알";3000
"G00710";"와송즙";68000
"G00711";"울금가루";14000
"G00712";"인삼(세근)";6000
"G00713";"자소엽차";9500
"G00714";"잔대순";2500
"G00715";"체리세이지";4000
"G00716";"칡분말";13000
"G00717";"흰민들레";2000
"G00718";"감자전분";7500
"G00719";"거북이빵";2000
"G00720";"건쇠무릎";5000
"G00721";"고들빼기";2000
"G00722";"곰취";1000
"G00723";"노루궁뎅이버섯분말";20000
"G00724";"당귀잎";2000
"G00725";"데친머위대";3000
"G00726";"두릅(나무)";3000
"G00727";"마가목";2000
"G00728";"마늘종";1500
"G00729";"마더스콘";3500
"G00730";"머위(노지)";1300
"G00731";"머윗대";1500
"G00732";"메론";5000
"G00733";"메밀순";1800
"G00734";"모카번";1000
"G00735";"무(초록)";2000
"G00736";"무말랭이무침";6500
"G00737";"민들레(흰)";1500
"G00738";"불미나리";1400
"G00739";"사철나무";2000
"G00740";"삼잎국화나물";2500
"G00741";"새싹쿠키";5000
"G00742";"석류나무";5000
"G00743";"소보루빵";750
"G00744";"송엽국";2500
"G00745";"수박";6000
"G00746";"식빵(야채)";2500
"G00747";"식빵피자빵";1750
"G00748";"신선초";1500
"G00749";"쑥담은두부과자";3500
"G00750";"아로니아즙";5000
"G00751";"아스파라거스";3300
"G00752";"앙팡";1000
"G00753";"애니시다";15000
"G00754";"양파(자색)";2500
"G00755";"엄나무순";4000
"G00756";"오가피(열매)";5000
"G00757";"오가피순";1500
"G00758";"한우차돌백이(국내산)";9450
"G00759";"한우치맛살(국내산)";17480
"G00760";"한우홍두깨(국내산)";11520
"G00761";"호박잎";1500
"G00762";"호박즙";4500
"G00763";"감식초(음료)";1500
"G00764";"개복숭아";6000
"G00765";"건당근";2500
"G00766";"건초석잠";10000
"G00767";"겨자채";1000
"G00768";"고구마순";1000
"G00769";"고구마크림치즈빵";2200
"G00770";"가죽나물";4000
"G00771";"건망초";3000
"G00772";"고춧잎";1500
"G00773";"깐완두콩";3500
"G00774";"깐완두콩(토종)";3500
"G00775";"꾸지뽕(야생)";10000
"G00776";"더덕순";3000
"G00777";"만가닥버섯";2000
"G00778";"배추(경종)";2000
"G00779";"비타민(다채)";1000
"G00780";"산청목";10000
"G00781";"시넨시스";6000
"G00782";"시몬카스테라";2250
"G00783";"念빚은채식라";1750
"G00784";"쑥쥐눈이콩미숫가루";8500
"G00785";"알리움";3000
"G00786";"앵두";3000
"G00787";"옻나무순";1500
"G00788";"완두콩(토종)";2000
"G00789";"죽순";2000
"G00790";"쥬키니호박(황금)";2500
"G00791";"참비름나물";1500
"G00792";"취나물(노지)";1800
"G00793";"콩물";3500
"G00794";"팔찌";1900
"G00795";"편백안마봉";12000
"G00796";"포도(청)";3800
"G00797";"표고버섯(슬)";3000
"G00798";"한우목심(국내산)";15200
"G00799";"한우스지(국내산)";17550
"G00800";"한우아롱사태(국내산)";15210
"G00801";"한우안심(국내산)";12650
"G00802";"호야";3500
"G00803";"홍콩야자";2500
"G00804";"개척1호콩(서리태)";20000
"G00805";"거베라";3500
"G00806";"건고구마순";4000
"G00807";"고추(나사고추)";1200
"G00808";"고추(선초)";1200
"G00809";"고추(우각초)";1200
"G00810";"국화차";9800
"G00811";"깐강낭콩";3000
"G00812";"깐고구마줄기";2000
"G00813";"깻잎김치";4500
"G00814";"냉동딸기";5000
"G00815";"늘찰보리쌀";6000
"G00816";"꽃기린";4000
"G00817";"딸기설기(하트)";1000
"G00818";"란타나";12000
"G00819";"리아트리스";4000
"G00820";"마늘(토종)";11000
"G00821";"망고수박";3000
"G00822";"매실";5500
"G00823";"맥문동";4000
"G00824";"밤호박";2500
"G00825";"방울토마토(흑)";6500
"G00826";"백합(구근)";5000
"G00827";"보리수";2500
"G00828";"복숭아";11000
"G00829";"복숭아(백도)";9000
"G00830";"복숭아(천도)";6000
"G00831";"복숭아(황도)";4000
"G00832";"살구";10000
"G00833";"쌀모카빵";1900
"G00834";"아스틸베";3000
"G00835";"안개꽃";3000
"G00836";"오이";1500
"G00837";"오이(가시)";1200
"G00838";"옥수수(초당)";3500
"G00839";"우리밀보리술찐빵";3500
"G00840";"자두";4000
"G00841";"접란";2000
"G00842";"참외(토종)";4000
"G00843";"천년초(화분)";5000
"G00844";"편백나무(가지)";3000
"G00845";"포도(거봉)";13000
"G00846";"포도(데라웨어)";5000
"G00847";"플럼코트";12000
"G00848";"한우설도(국내산)";11340
"G00849";"겉보리";7000
"G00850";"깐동부콩";3000
"G00851";"단호박마들렌";2000
"G00852";"돼지감자분말";7500
"G00853";"땅콩단호박";2000
"G00854";"땅콩호박";2000
"G00855";"르뱅쿠키";2000
"G00856";"매운쌈장";4600
"G00857";"모시송편";3300
"G00858";"무화과";8000
"G00859";"밀";4900
"G00860";"밤호박(미니)";600
"G00861";"리시안셔스";3500
"G00862";"블랙베리";9000
"G00863";"사과참외(토종)";5000
"G00864";"수박(씨드리스)";8000
"G00865";"쌀고로케";2000
"G00866";"아마란스분말";13000
"G00867";"약콩청국장분말";24000
"G00868";"양송이버섯";3500
"G00869";"여주";1000
"G00870";"오이(노각)";500
"G00871";"오이(미니)";1000
"G00872";"적양배추브로콜리즙";5000
"G00873";"찰옥수수(흑)";3000
"G00874";"천년초줄기분말";11000
"G00875";"콩설기";40000
"G00876";"포도(리자마트)";4500
"G00877";"포도(베니바라드)";7500
"G00878";"포도(캠벨)";8000
"G00879";"하이페리콤";5000
"G00880";"한우꾸리살(국내산)";11010
"G00881";"한우앞다리(국내산)";13700
"G00882";"한우제비추리(국내산)";32640
"G00883";"호랑이콩";3000
"G00884";"가지고추";1300
"G00885";"돼지잡뼈(국내산)";19200
"G00886";"마늘(코끼리)";7000
"G00887";"마스크끈";2000
"G00888";"맹감나무뿌리";6000
"G00889";"모듬송편";12000
"G00890";"모시잎";1500
"G00891";"사과(골드)";8000
"G00892";"사과(자홍)";8000
"G00893";"복숭아(천중도)";8600
"G00894";"색동편강";8000
"G00895";"수세미";2500
"G00896";"쑥모시송편";3300
"G00897";"양배추(채)";1500
"G00898";"여주차";8000
"G00899";"오미자";60000
"G00900";"자두(피자두)";2500
"G00901";"찰옥수수(대학)";4500
"G00902";"천년초열매분말";15000
"G00903";"천년초즙";5500
"G00904";"편백절구공이";5000
"G00905";"포도";9000
"G00906";"포도(샤인마스캇)";36000
"G00907";"포도(스튜벤)";13000
"G00908";"한우업진살(국내산)";150000
"G00909";"현미검은콩미숫가루";8500
"G00910";"가시오가피(열매)";5000
"G00911";"건비트";4000
"G00912";"건뽕잎";3500
"G00913";"겉절이";8700
"G00914";"과즐선물세트";20000
"G00915";"꾸지뽕(열매)";9000
"G00916";"단감";3000
"G00917";"당근잼";7200
"G00918";"대추토마토(흑)";7500
"G00919";"데친고구마순";2000
"G00920";"모과";1500
"G00921";"무(홍무)";2300
"G00922";"배송비";11000
"G00923";"솔잎순";4000
"G00924";"송편";15000
"G00925";"수제떡갈비선물세트";38000
"G00926";"쑥송편";3300
"G00927";"아답터";10000
"G00928";"애기사과";6000
"G00929";"양하";2000
"G00930";"유정란";5000
"G00931";"찰옥수수(토종)";4000
"G00932";"참송이버섯분말";15000
"G00933";"포도(머루)";6000
"G00934";"포포열매";12000
"G00935";"표고버섯(백화)";100000
"G00936";"표고버섯(흑화)";55000
"G00937";"풋대추";2000
"G00938";"한우갈비(국내산)";165000
"G00939";"한우부채살(국내산)";40000
"G00940";"한우우둔(국내산)";16000
"G00941";"한우우족(국내산)";35000
"G00942";"한우잡뼈(국내산)";5470
"G00943";"혼합4곡";6500
"G00944";"흑토마토";5000
"G00945";"감";4500
"G00946";"감(연시)";3500
"G00947";"감(우린감)";4500
"G00948";"건수세미";10000
"G00949";"국화";4000
"G00950";"대추(사과)";12000
"G00951";"알로에";5000
"G00952";"와송울금조청";20000
"G00953";"우거지";2000
"G00954";"유색칼라";5000
"G00955";"절임배추";100000
"G00956";"절임포장지";26000
"G00957";"천년초";8000
"G00958";"치자";2500
"G00959";"팥멥시루떡";500
"G00960";"한우곤자(국내산)";7390
"G00961";"한우사골(국내산)";13590
"G00962";"열매마";9000
"G00963";"풋고추(조림용)";1000
"G00964";"허브(캔들프랜드)";2000
"G00965";"갓(돌산)";2500
"G00966";"갓(적)";2500
"G00967";"갓(청)";2000
"G00968";"건엉겅퀴";10000
"G00969";"구기자차";10000
"G00970";"금어초";3000
"G00971";"진액세트(3종)";50000
"G00972";"찰단팥빵";1800
"G00973";"탱자";3000
"G00974";"팥(풋)";11000
"G00975";"건밤";8500
"G00976";"고구마";4000
"G00977";"메리골드꽃차";100000
"G00978";"복숭아잼";10000
"G00979";"상추(버터헤드)";1500
"G00980";"서리태청국장분말";20000
"G00981";"쌀모닝빵";3000
"G00982";"영지버섯";20000
"G00983";"오이(샐러드)";1600
"G00984";"생강(순)";1000
"G00985";"황기";6000
"G00986";"검은콩귀리곡물선식";23000
"G00987";"고추장(찹쌀)";21000
"G00988";"곶감(대봉)";12000
"G00989";"깐마늘(토종)";2000
"G00990";"모링가분말";15000
"G00991";"바사삭떡뻥";3000
"G00992";"빵끈(종이)";2700
"G00993";"쌈채소(5종)";2500
"G00994";"야생쑥진액";17000
"G00995";"전통선물세트";31000
"G00996";"진액세트";20000
"G00997";"청태";13000
"G00998";"감초";10500
"G00999";"한우국거리(국내산)";15270
"G01000";"한우꼬리(국내산)";45000
"G01001";"딸기잼(선물세트)";16500
"G01002";"분말세트";25000
"G01003";"비트콜라비차";7500
"G01004";"새싹보리분말";13000
"G01005";"와송환";48000
"G01006";"울타리콩";10000
"G01007";"차세트";25000
"G01008";"향미";10000
"G01009";"현미떡국떡";7500
"G01010";"건오가피(열매)";5000
"G01011";"머위(산)";3000
"G01012";"모닝빵";3800
"G01013";"곰보배추즙(박스)";42000
"G01014";"근대(적)";700
"G01015";"눈개승마(삼나물)";4000
"G01016";"느릅나무(껍질)";9000
"G01017";"아동악세사리(세트)";6000
"G01018";"이스라지";6000
"G01019";"팥(검정)";12000
"G01020";"건울금";2000
"G01021";"고추냉이(와사비)";2000
"G01022";"두메부추";1500
"G01023";"상추(적로메인)";1000
"G01024";"와송세트";40000
"G01025";"적환무";1500
"G01026";"종량제봉투10L";220
"G01027";"표고버섯(송이)";2500
"G01028";"꽃케일";1500
"G01029";"데친죽순";3000
"G01030";"딸기말랭이";3500
"G01031";"레드치커리";1200
"G01032";"백설기(하트)";1200
"G01033";"블랙.귀리가루세트";31000
"G01034";"비트(잎)";1200
"G01035";"새싹인삼";6000
"G01036";"체리";9000
"G01037";"케일(적)";1000
"G01038";"편백밀대";9500
"G01039";"해바라기";2500
"G01040";"오이(조선)";1000
"G01041";"골드키위(감황)";12000
"G01042";"그린토마토장아찌";8000
"G01043";"깐호랑이콩";5000
"G01044";"주먹토마토";4500
"G01045";"쪽파(종자)";2000
"G01046";"초고추장";4700
"G01047";"포도(킹데라)";4500
"G01048";"호박잎순";1200
"G01049";"흑수박";22000
"G01050";"건엉겅퀴(뿌리)";5000
"G01051";"넝쿨콩";2000
"G01052";"루콜라";1500
"G01053";"민물새우(냉동)";15000
"G01054";"바질";2000
"G01055";"방울기정떡";3400
"G01056";"백합(겹)";6000
"G01057";"사과(아오리)";8000
"G01058";"상추(생채)";1200
"G01059";"율마";6000
"G01060";"참외";2000
"G01061";"파프리카(미니)";2000
"G01062";"포기상추";1200
"G01063";"고구마(풍원미)";4000
"G01064";"깐마늘(육쪽)";3600
"G01065";"누룽지";5000
"G01066";"누룽지맛두부과자";5600
"G01067";"단호박(미니)";1500
"G01068";"도라지생강차";14000
"G01069";"마늘(홍산)";10000
"G01070";"야채수";4400
"G01071";"포도(블랙사파이어)";9000
"G01072";"풋사과";6500
"G01073";"한우사골곰탕";5000
"G01074";"호박";1500
"G01075";"건고비";8000
"G01076";"건메리골드";13000
"G01077";"건아주까리(피마자)";3000
"G01078";"건작두콩";10000
"G01079";"쟈스민";6000
"G01080";"건표고버섯밑동";3500
"G01081";"닭다리(북채)";152100
"G01082";"방아잎";75000
"G01083";"블루베리진액";20000
"G01084";"소스선물세트";35000
"G01085";"수세미도라지즙";5500
"G01086";"스카프";4500
"G01087";"오색마삭";3000
"G01088";"오색송편";15000
"G01089";"차즈기(소엽)";36000
"G01090";"콩나물";48000
"G01091";"팽이버섯(황금송이)";2000
"G01092";"한우등심(국뻣)";17510
"G01093";"한우불고기(국내산)";18350
"G01094";"헛개나무(잎)";5000
"G01095";"헤이즐넛";14500
"G01096";"감(팔봉시)";35000
"G01097";"남천나무";4000
"G01098";"맵쌀가루";4000
"G01099";"쌈추";1000
"G01100";"테이블야자";3000
"G01101";"황금사철";3000
"G01102";"가시엉겅퀴차";10000
"G01103";"갓김치";5000
"G01104";"블루베리묘목";5000
"G01105";"백향과";10000
"G01106";"별사과";5000
"G01107";"익은김치";5000
"G01108";"생강(종자)";3000
"G01109";"월남고추";1500
"G01110";"키위(옐로우)";15000
"G01111";"피라칸";4000
"G01112";"홍감자";150000
"G01113";"흑곶감";10000
"G01114";"건어성초";3000
"G01115";"현미쌀뻥튀기";3500
"G01116";"흰민들레차";10000
"G01117";"꿀";9000
"G01118";"누룽지가래떡";2000
"G01119";"메론장아찌";5000
"G01120";"초석잠무차";18000
"G01121";"건아로니아";3000
"G01122";"건아주까리잎";3500
"G01123";"건풍년초";4500
"G01124";"누룽지떡볶이떡";4000
"G01125";"데친명아주";2000
"G01126";"동부찰밥";8000
"G01127";"한우도가니(국내산)";29880
"G01128";"귀리뻥튀기";11000
"G01129";"백태볶음가루";10500
"G01130";"소나무(분재)";4000
"G01131";"쑥설기";900
"G01132";"치커리(보쌈)";1200
"G01133";"풋마늘(토종)";1700
"G01134";"호박고지(늙은호박)";4000
"G01135";"건쑥";4500
"G01136";"양배추당근즙";4300
"G01137";"꽃치자";6000
"G01138";"백태뻥튀기";3200
"G01139";"부추(초벌)";1000
"G01140";"식용꽃";4000
"G01141";"치즈쿠키";5000
"G01142";"카랑코에테사";4000
"G01143";"크로톤";4000
"G01144";"마늘(장아찌용)";4000
"G01145";"서리태볶음가루";12500
"G01146";"야채후레이크";4000
"G01147";"칼랑코에";5000
"G01148";"복분자";2500
"G01149";"블랙커런트";3000
"G01150";"쇠무릎(뿌리)";8000
"G01151";"자색고구마단호박설기";500
"G01152";"초코쿠키";5000
"G01153";"청국장분말세트";20000
"G01154";"요구르트";4800
"G01155";"진액세트(2종)";35000
"G01156";"찰옥수수(냉동)";3500
"G01157";"토마토즙";4500
"G01158";"돼지갈매기살(국내산)";4540
"G01159";"돼지뒷다리(국내산)";4260
"G01160";"돼지목심(국내산)";27850
"G01161";"돼지삼겹(국내산)";13250
"G01162";"돼지안심(국내산)";50000
"G01163";"돼지앞다리(국내산)";15650
"G01164";"메론(장아찌용)";11000
"G01165";"한우(다짐육)";9980
"G01166";"돼지미니갈비(국내산)";25000
"G01167";"돼지사태(국내산)";5850
"G01168";"돼恥銓(국내산)";12430
"G01169";"옥수수(토종)";5400
"G01170";"한우장조림(국내산)";12680
"G01171";"꿀(감로)";50000
"G01172";"돼지안심(국뻣)";4810
"G01173";"서리태(토종)";13000
"G01174";"연근조림";5000
"G01175";"바이오체리";7000
"G01176";"벤자민";3000
"G01177";"모링가환";23000
"G01178";"모카찰빵";2000
"G01179";"무시래기(애기)";2000
"G01180";"무화과즙";28000
"G01181";"발효맛간장";5600
"G01182";"발효콩";10000
"G01183";"배추(뿌리)";2500
"G01184";"백연근차";15000
"G01185";"보리머핀";5000
"G01186";"부추가루";5000
"G01187";"뻥튀기(설기떡)";3000
"G01188";"감국";5000
"G01189";"건구아바잎";9000
"G01190";"건블루베리";12000
"G01191";"건살구";2500
"G01192";"건연근";3000
"G01193";"건연잎";7000
"G01194";"건자소엽";3000
"G01195";"건표고버섯(슬)";10000
"G01196";"견과류쿠키";4000
"G01197";"고구마(물)";1500
"G01198";"고구마(자색)";2500
"G01199";"고구마말랭이";5500
"G01200";"곡류5종";28000
"G01201";"곤드레나물";3000
"G01202";"곰보배추간장장아찌";15000
"G01203";"관엽";2000
"G01204";"구기자진액";15000
"G01205";"구절초즙";7500
"G01206";"근대(청)";1000
"G01207";"녹미";6000
"G01208";"느릅나무";3000
"G01209";"단팥빵";750
"G01210";"단풍마";2000
"G01211";"단호박찹쌀도넛";2100
"G01212";"당근(자색)";800
"G01213";"당근(칼라)";1000
"G01214";"당근(토종)";800
"G01215";"대추고";12000
"G01216";"대파(빨간)";1000
"G01217";"데친깻잎순";2000
"G01218";"데친멜라초";2000
"G01219";"동백";4000
"G01220";"두릅장아찌";7000
"G01221";"두충나무";3000
"G01222";"둥굴레";10000
"G01223";"땅콩쿠키";4000
"G01224";"때타올(인견)";1900
"G01225";"마";7000
"G01226";"마(산마)";15000
"G01227";"마늘빵";3500
"G01228";"만주빵";4000
"G01229";"쌀과자";2000
"G01230";"쌀단팥빵";750
"G01231";"쌀소보로빵";1200
"G01232";"쌀소보루";1200
"G01233";"쌀슈크림빵";1500
"G01234";"쌀시몬케익";4500
"G01235";"쌀찜케익";4000
"G01236";"쌀초코쿠키";4000
"G01237";"쌀카스테라";1500
"G01238";"쓰레기봉투";350
"G01239";"열쇠고리";3000
"G01240";"오리훈제(국내산)";7300
"G01241";"옥수수(냉동)";3300
"G01242";"옥수수빵";2000
"G01243";"우리밀생강센베";6000
"G01244";"아로니아블루베리즙";7500
"G01245";"아로니아진액";14300
"G01246";"아주까리(잎)";4000
"G01247";"아주까리콩";12000
"G01248";"야콘";3000
"G01249";"엔젤쉬폰";4000
"G01250";"연근부각";9000
"G01251";"연김부각";9000
"G01252";"열매치자";5000
"G01253";"육쪽마늘빵";1000
"G01254";"일반9분도미";16500
"G01255";"일지매";5000
"G01256";"적하수오";10000
"G01257";"젤라또(복숭아)";9000
"G01258";"진액세트(생강.청귤.오미자)";24000
"G01259";"찰녹미";6000
"G01260";"찰홍미";6000
"G01261";"찹쌀파이";2250
"G01262";"천년초열매즙";33000
"G01263";"천년초줄기진액";15000
"G01264";"천문동(뿌리)";9000
"G01265";"천연비누(라벤더)";4000
"G01266";"천연비누(민트)";4000
"G01267";"천연비누(편백)";4000
"G01268";"철쭉";2000
"G01269";"청차조";9000
"G01270";"초코머핀";5000
"G01271";"초코파이";1800
"G01272";"취나물장아찌";4000
"G01273";"치즈쌀모닝빵";2400
"G01274";"코요테";3000
"G01275";"코코넛파운드케이크";4500
"G01276";"콩편";11000
"G01277";"쿠페아";4000
"G01278";"탐라향";9800
"G01279";"탑사철";4000
"G01280";"탕종식빵";4000
"G01281";"토마토苑";4000
"G01282";"파우치";6000
"G01283";"팥(쉬나리)";9000
"G01284";"풋마늘장아찌";4000
"G01285";"해피블루";10000
"G01286";"향찰현미";13500
"G01287";"현미(왕눈이)";4500
"G01288";"호박씨";3000
"G01289";"홍미";6000
"G01290";"화살나무";3000
"G01291";"흰찰쌀보리";3500
"G01292";"감자치아바타";1250
"G01293";"건깻잎";3000
"G01294";"건꾸지뽕(열매)";5000
"G01295";"건망초대";2500
"G01296";"건머위";2500
"G01297";"건생강";6000
"G01298";"건장녹나물";2500
"G01299";"건탱자";6000
"G01300";"구운호떡";3500
"G01301";"깜빠뉴";4000
"G01302";"단호박롤케이크";5000
"G01303";"돼지감자즙";4500
"G01304";"메밀";12000
"G01305";"명자꽃(산당화)";20000
"G01306";"모카비스코티";3500
"G01307";"모카크림빵";2000
"G01308";"";4300
"G01309";"무시래기우엉모둠";10000
"G01310";"바게트";3000
"G01311";"불린강낭콩";3000
"G01312";"삼채(뿌리)";3000
"G01313";"생크림쌀단팥빵";1150
"G01314";"소시지빵";1000
"G01315";"송담";3500
"G01316";"쇠무릎";5000
"G01317";"수세미(망사)";2800
"G01318";"스카프(아동용)";3500
"G01319";"식빵(밤)";5000
"G01320";"식초(막걸리)";9000
"G01321";"식초(삼백초)";11000
"G01322";"쌀시나몬롤";2250
"G01323";"약쑥";4000
"G01324";"어삼수";1500
"G01325";"에그타르트";1500
"G01326";"연유브레드";2500
"G01327";"유기농치즈(숙성)";29000
"G01328";"유채나물";1500
"G01329";"쟈스민(학)";3000
"G01330";"적양배추차";9000
"G01331";"초석잠";7500
"G01332";"치즈케이크";1500
"G01333";"풍년초";2000
"G01334";"피칸";9000
"G01335";"할미꽃";6000
"G01336";"호두쉬폰";4500
"G01337";"건깻잎순";3000
"G01338";"건민들레";3000
"G01339";"건민들레(뿌리)";5000
"G01340";"건우슬";5000
"G01341";"건하늘타리";8000
"G01342";"고추장매실장아찌";9500
"G01343";"곰보배추";1000
"G01344";"공조팝";10000
"G01345";"구기자순";1000
"G01346";"깐생강(토종)";12000
"G01347";"녹차쿠키";4000
"G01348";"당근차";9000
"G01349";"당근호두빵";5000
"G01350";"마늘바게트";1500
"G01351";"마스크(아동용)";4000
"G01352";"마씨앗(산마)";6000
"G01353";"머랭쿠키";3000
"G01354";"명자나무";10000
"G01355";"보리카스테라";2400
"G01356";"생크림소보루빵";850
"G01357";"유리호프스";4000
"G01358";"은방울수선";3000
"G01359";"이사도라";2500
"G01360";"잎새앙금절편";2300
"G01361";"청하국";3000
"G01362";"카드지갑";4500
"G01363";"편백나무발판";30000
"G01364";"화살나무순";1200
"G01365";"가시오가피(잎)";2000
"G01366";"감자(새봉)";2200
"G01367";"개나리";4000
"G01368";"금사철";4000
"G01369";"깐옥수수알";6000
"G01370";"다래순";2200
"G01371";"대파(손질)";1000
"G01372";"마들렌";3200
"G01373";"마스크";5000
"G01374";"마치목";10000
"G01375";"배추(토종)";1500
"G01376";"분꽃나무";20000
"G01377";"상추(담배)";1000
"G01378";"상추(샐러드)";750
"G01379";"생크림롤케이크";5000
"G01380";"솔잎";5000
"G01381";"쑥부쟁이";2000
"G01382";"생크림단팥빵";1250
"G01383";"순수귀리(사과)";1900
"G01384";"참빗살나무";3000
"G01385";"철죽";16000
"G01386";"가죽나무순";3000
"G01387";"건민들레(흰)";6000
"G01388";"꼬꼬마양배추";1500
"G01389";"꽃석류";15000
"G01390";"꾸지뽕잼";10000
"G01391";"벌나무";4000
"G01392";"상추(오크)";1000
"G01393";"스콘";3000
"G01394";"아스파라거스(화이트)";3500
"G01395";"오이(피클)";1000
"G01396";"왕고들빼기";2000
"G01397";"작약꽃";7000
"G01398";"천년꽃벵이즙";12000
"G01399";"케일(솎음)";1000
"G01400";"통밀빵";2000
"G01401";"페피노멜론";20000
"G01402";"하수오";10000
"G01403";"강낭콩(흰)";9000
"G01404";"건고추(양근)";6500
"G01405";"건오가피순";3000
"G01406";"고춧잎(청양)";1500
"G01407";"느릅나무(뿌리)";6000
"G01408";"데친머위";2000
"G01409";"루엘리아";4000
"G01410";"무화과나무";10000
"G01411";"복숭아(미니)";5000
"G01412";"복숭아(천둥)";3000
"G01413";"블루버드";5000
"G01414";"비타민고추";1400
"G01415";"비파";8000
"G01416";"쇠비름나물";2000
"G01417";"스노우화이트";5000
"G01418";"엑설런트포인트";5000
"G01419";"엑셀사";30000
"G01420";"편백블럭";15000
"G01421";"헛개나무(가지)";2500
"G01422";"감자(홍영)";1500
"G01423";"건하수오";10000
"G01424";"고추(양각초)";1200
"G01425";"구슬바위솔";2000
"G01426";"그린빈스";2500
"G01427";"누운주름잎";2000
"G01428";"위실나무";7000
"G01429";"대추토마토(칼라)";4500
"G01430";"돌아이비";2000
"G01431";"칡";2000
"G01432";"풋고추(롱그린)";1200
"G01433";"발렌타임";15000
"G01434";"뽕나무(줄기)";5500
"G01435";"연화바위솔";2000
"G01436";"열무(적)";800
"G01437";"오이(토종)";1000
"G01438";"으름";10000
"G01439";"자두(체리)";10000
"G01440";"덴마크무궁화";12000
"G01441";"미니사과(루비에스)";3500
"G01442";"배(황금)";10000
"G01443";"복숭아병조림";9000
"G01444";"석류";5000
"G01445";"순무";1200
"G01446";"영지버섯(건)";12000
"G01447";"오크라";2000
"G01448";"참다래";8000
"G01449";"풋고추(미인)";1200
"G01450";"감(떫은감)";3500
"G01451";"감(먹시감)";23000
"G01452";"건당귀뿌리";10000
"G01453";"건돼지감자(자색)";3000
"G01454";"느릅나무(유근피)";5000
"G01455";"다래";7000
"G01456";"깐넝쿨콩";3000
"G01457";"맘모스빵";2250
"G01458";"밤카스테라";5000
"G01459";"비목차";15000
"G01460";"초코베리";4000
"G01461";"포인세티아";6000
"G01462";"해바라기씨";3000
"G01463";"건더덕";9000
"G01464";"건둥글레";7000
"G01465";"구절초";4000
"G01466";"구절초꽃잎";5000
"G01467";"마(하늘)";9000
"G01468";"목련꽃차";19900
"G01469";"백연근";9000
"G01470";"뽕잎";4000
"G01471";"녹두(토종)";16000
"G01472";"고무나무";7000
"G01473";"구기자";5000
"G01474";"버들마편초";3000
"G01475";"싸리버섯";45000
"G01476";"응隔勺";1800
"G01477";"오이장아찌";3500
"G01478";"참외(망고)";16000
"G01479";"肌裡┷籌蔘(뭄뻣)";38480
"G01480";"꿀(한봉)";58000
"G01481";"능이버섯";40000
"G01482";"미니사과";3000
"G01483";"미니사과(알프스오토메)";4000
"G01484";"베고니아";5000
"G01485";"상수리";5000
"G01486";"송편(단호박)";55000
"G01487";"≠";1400
"G01488";"고구마(황금)";20000
"G01489";"구아바";9000
"G01490";"호박(국수)";2500
"G01491";"건다래순";3500
"G01492";"건야콘";5000
"G01493";"아삭隔勺";1600
"G01494";"양배추(잎)";1500
"G01495";"연밥";3000
"G01496";"찰옥수수알";5000
"G01497";"肌貽宕뭐湧(국내산)";18900
"G01498";"클레마티스";15000
"G01499";"택란";6000
"G01500";"데친고춧잎";2000
"G01501";"마씨앗";5000
"G01502";"배추(적)";1200
"G01503";"볶음콩가루";9000
"G01504";"섬초(노지)";1800
"G01505";"감태나무";10000
"G01506";"건머윗대";2500
"G01507";"모찌식빵";2250
"G01508";"박고지";5000
"G01509";"한우양(국내산)";14520
"G01510";"건적하수오";10000
"G01511";"매발톱";4000
"G01512";"약도라지";8500
"G01513";"연잎분말";9000
"G01514";"인동초";6000
"G01515";"청미래뿌리";5000
"G01516";"한우등심(뭄뻣)";20960
"G01517";"꽈배기";1500
"G01518";"느타리버섯(원목)";2400
"G01519";"헬레보루스";40000
"G01520";"고로케(튀긴)";1250
"G01521";"문그로우";27000
"G01522";"백하수오";6000
"G01523";"블루애로우";27000
"G01524";"생강(토종)종자";12000
"G01525";"에메랄드그린";25000
"G01526";"토란(종자)";3500
"G01527";"건시금치";2000
"G01528";"달개비";10000
"G01529";"독일아이비";10000
"G01530";"등심붓꽃";2000
"G01531";"명아주";1500
"G01532";"발렌타인쟈스민";8000
"G01533";"비파진액";30000
"G01534";"상추(궁채)";1000
"G01535";"스케볼라";10000
"G01536";"옥시페탈룸";6000
"G01537";"우단동자";3000
"G01538";"워터칸나(뱅갈)";18000
"G01539";"패랭이꽃";2000
"G01540";"고구마(모종)";1000
"G01541";"금화규잎가루";30000
"G01542";"오(취청)";1600
"G01543";"달맞이꽃";7000
"G01544";"리틀자이언트";25000
"G01545";"버베나";10000
"G01546";"깐마늘(홍산)";3500
"G01547";"고추부각";6500
"G01548";"김치라면";30000
"G01549";"꽃댕강나무";25000
"G01550";"다용도받침대";32000
"G01551";"맨드라미";3000
"G01552";"박";3000
"G01553";"샤프란";4000
"G01554";"써니스마러그";28000
"G01555";"썬로즈";13000
"G01556";"애플수박";4500
"G01557";"양배추(고깔)";1500
"G01558";"와송";7000
"G01559";"커피나무";18000
"G01560";"한우보섭살(국내산)";17550
"G01561";"단호박구운과자";5400
"G01562";"두부볐";5600
"G01563";"머루";7000
"G01564";"생작두콩";5000
"G01565";"공심채";1000
"G01566";"금관화";6000
"G01567";"배추(토종솎음)";1500
"G01568";"세트포장";4000
"G01569";"아마란스차";1800
"G01570";"우슬초차";1800
"G01571";"차요테";5000
"G01572";"콜레우스";4000
"G01573";"페어리스타";7000
"G01574";"플럼바고";12000
"G01575";"감(두리)";20000
"G01576";"귤";3000
"G01577";"꽝꽝나무";2000
"G01578";"도깨비박";5000
"G01579";"두유(꿀)";20000
"G01580";"레몬파운드케이크";2000
"G01581";"마늘(육쪽)";4500
"G01582";"망고참외차";1800
"G01583";"바늘꽃";4000
"G01584";"사랑초";5000
"G01585";"사르비아";4000
"G01586";"스킨답서스";4000
"G01587";"씀바귀";3000
"G01588";"인진쑥";5000
"G01589";"자두즙";1800
"G01590";"좀마삭";2000
"G01591";"풋콩";2000
"G01592";"황제마삭";2000
"G01593";"알타리무(적)";1800
"G01594";"표고버섯(송화)";2500
"G01595";"건국화";5000
"G01596";"건눈개승마(삼나물)";10000
"G01597";"곶(숙성)";13000
"G01598";"녹찰현미";9800
"G01599";"당근(즙)";1000
"G01600";"두유(진양콩)";1350
"G01601";"밍크버들";7000
"G01602";"브로賻";2500
"G01603";"건둥굴레";6000
"G01604";"건백하수오";7000
"G01605";"건양송이버섯";5200
"G01606";"꾸지뽕(뿌리)";10000
"G01607";"누룽지떡국떡";8000
"G01608";"레몬";4500
"G01609";"건신선초";3000
"G01610";"당귀(뿌리)";8000
"G01611";"로즈마리홀";9500
"G01612";"바질청";10500
"G01613";"보리싸리";15000
"G01614";"쌀눈";10000
"G01615";"한우토시살(국내산)";24640
"G01616";"個ㅔ昭抉珝》";12000
"G01617";"돼지감자(자색)";3000
"G01618";"목마아가렛";4000
"G01619";"양잎파";1000
"G01620";"오레가노홀";9500
"G01621";"칼란디바";2500
"G01622";"피라칸타";8000
"G01623";"당귀(화분)";2000
"G01624";"무늬병꽃";6000
"G01625";"식빵(우유)";2000
"G01626";"여름두릅";5500
"G01627";"칸나";20000
"G01628";"팥(토종)";6000
"G01629";"편백다용도받침대";35000
"G01630";"한우등심(국내)";15960
"G01631";"능소화(화분)";20000
"G01632";"한우안창살(국내산)";22080
"G01633";"보쌈치커리";1000
"G01634";"붓들레아";15000
"G01635";"뽕나무";3000
"G01636";"어성초";2000
"G01637";"잡화";99000
"G01638";"황금마삭";15000
"G01639";"경수채";1500
"G01640";"베로니카";3000
"G01641";"배청채";1500
"G01642";"시금치(인디안)";1500
"G01643";"알라만다";6000
"G01644";"하이베리쿰";5000
"G01645";"하이포테스";3000
"G01646";"둥굴레차";7000
"G01647";"루드베키아트릴로바";4300
"G01648";"사과(썸머킹)";7000
"G01649";"옻나무(껍질)";5000
"G01650";"월계수(화분)";4000
"G01651";"젤리토마토";4500
"G01652";"찐옥수수";4000
"G01653";"칼슘열매";2500
"G01654";"흑찰보리";6000
"G01655";"금화규잎환";40000
"G01656";"냉동홍시";5500
"G01657";"청마삭";15000
"G01658";"한우부채(국내산)";44390
"G01659";"과꽃(미니)";7000
"G01660";"동부콩(흰)";4000
"G01661";"아스타";5000
"G01662";"꽃다발";6000
"G01663";"자색돼지감자즙";4000
"G01664";"폼폰국화";7000
"G01665";"발효간장갈비소스";5600
"G01666";"발효간장불고기소스";5600
"G01667";"보리막장";6900
"G01668";"생강진액(선물세트)";24000
"G01669";"순수귀리";1600
"G01670";"종량제 공동 10L";230
"G01671";"종량제 공동 20L";460
"G01672";"통밀막장";6900
"G01673";"Δ＝첨”";2000
"G01674";"곶감(고종시)";12000
"G01675";"댕기머리쑥이빵";2000
"G01676";"대파(토종)";800
"G01677";"무화과통밀빵";3000
"G01678";"슈크림빵";750
"G01679";"종량제봉투20L";460
"G01680";"쌀부추빵";2000
"G01681";"쌀앤밀모카빵";3800
"G01682";"깐고구마순(줄기)";5000
"G01683";"표고버섯(동고)";35000
"G01684";"갓(솎음)";1000
"G01685";"버터크림빵";1500
"G01686";"인";6000
"G01687";"김부각(선물용)";17000
"G01688";"데친다래순";3500
"G01689";"데친풍년초";3000
"G01690";"식빵(바이킹)";2250
"G01691";"식빵(통밀)";2250
"G01692";"찰보리빵";3000
"G01693";"엉겅퀴";4000
"G01694";"적경채";1000
"G01695";"고만떼";1500
"G01696";"구袖憫騙";15000
"G01697";"비트(옐로우)";1800
"G01698";"동부콩(검)";2000
"G01699";"한우안심(국뻣)";28280
"G01700";"깐밤호박";4000
"G01701";"약호박";2000
"G01702";"한우사골곰탕(박스)";25000
"G01703";"데친가지";2500
"G01704";"건감잎";3500
"G01705";"천리향";6000
"G01706";"눈개승마(삼나)";5000
"G01707";"데친시금치";5000
"G01708";"로즈마리";2000
"G01709";"스피아민트";1000
"G01710";"파슬리";2000
"G01711";"타임";2000
"G01712";"건표고버섯(배지-슬)";3300
"G01713";"왕까마중";2000
"G01714";"흑땅콩";12000
"G01715";"拷봉쉼》";11000
"G01716";"돼지감자(적)";5000
"G01717";"콩나물콩";11000
"G01718";"한우꽃등심(국내산)";30400
"G01719";"백앵두";3500
"G01720";"딜";1000
"G01721";"매실(토종)";17000
"G01722";"한우宕뭐湧(국내산)";16380
"G01723";"돼지가브리살(국내산)";13100
"G01724";"돼지갈비(국내산)";14500
"G01725";"돼지등뼈(국내산)";10000
"G01726";"돼지등심(국내산)";2000
"G01727";"돼지항정살(국내산)";19500
"G01728";"연잎";32000
"G01729";"한우차돌백이(뭄뻣)";15820
"G01730";"탕嗤洲(국내산)";15810
"G01731";"송화고버섯";5000
"G01732";"감껍질";1500
"G01733";"고구마빵";2250
"G01734";"귀리선식(사과)";1900
"G01735";"단호박카스테라";850
"G01736";"러스크";3500
"G01737";"맘모스";1750
